epid,country,first_name,last_name,birthdate,gender,eugroup
119436,Croatia,Ivana,MALETIĆ,1973-10-12,F,PPE
96798,United Kingdom,John,BUFTON,1962-08-31,M,EFD
96717,Czech Republic,Robert,DUŠEK,1967-03-14,M,S&D
97058,Belgium,Guy,VERHOFSTADT,1953-04-11,M,ALDE
96897,United Kingdom,John Stuart,AGNEW,1949-08-30,M,EFD
96976,Portugal,Luís Paulo,ALVES,1961-09-19,M,S&D
96808,Spain,Pablo,ARIAS ECHEVERRÍA,1970-06-30,M,PPE
5956,Portugal,Regina,BASTOS,1960-11-04,F,PPE
28497,United Kingdom,Gerard,BATTEN,1954-03-27,M,EFD
96955,United Kingdom,Catherine,BEARDER,1949-01-14,F,ALDE
96738,France,Sandrine,BÉLIER,1973-09-02,F,Verts/ALE
96705,Denmark,Bendt,BENDTSEN,1954-03-25,M,PPE
96699,France,Jean-Paul,BESSET,1946-08-17,M,Verts/ALE
96922,Spain,Izaskun,BILBAO BARANDICA,1961-03-27,F,ALDE
97198,Italy,Mara,BIZZOTTO,1972-06-03,F,EFD
96681,Lithuania,Vilija,BLINKEVIČIŪTĖ,1960-03-03,n/a,S&D
96799,Poland,Piotr,BORYS,1976-01-11,M,PPE
96719,Czech Republic,Andrea,ČEŠKOVÁ,1971-10-18,F,ECR
96603,Ireland,Nessa,CHILDERS,1956-10-09,F,Array
28493,United Kingdom,Derek Roland,CLARK,1933-10-10,M,EFD
96915,Italy,Sergio Gaetano,COFFERATI,1948-01-30,M,S&D
96975,Portugal,António Fernando,CORREIA DE CAMPOS,1942-12-14,M,S&D
96917,Italy,Silvia,COSTA,1949-06-12,F,S&D
96951,United Kingdom,Diane,DODDS,1958-08-16,F,Array
96888,Italy,Leonardo,DOMENICI,1955-07-12,M,S&D
96692,Lithuania,Leonidas,DONSKIS,1962-08-13,M,ALDE
96787,Italy,Herbert,DORFMANN,1969-03-04,M,PPE
39769,Austria,Martin,EHRENHAUSER,1978-09-18,M,Array
96682,Finland,Sari,ESSAYAH,1967-02-21,F,PPE
96811,Spain,Rosa,ESTARÀS FERRAGUT,1965-10-21,F,PPE
96977,Portugal,Diogo,FEIO,1970-10-06,M,PPE
96899,Portugal,José Manuel,FERNANDES,1967-07-26,M,PPE
96833,Germany,Jens,GEIER,1961-06-22,M,S&D
96730,Germany,Sven,GIEGOLD,1969-11-17,M,Verts/ALE
97004,Latvia,Ivars,GODMANIS,1951-11-27,M,ALDE
97137,France,Sylvie,GOULARD,1964-12-06,F,ALDE
103488,Spain,Sergio,GUTIÉRREZ PRIETO,1982-07-11,M,S&D
96753,Poland,Jolanta Emilia,HIBNER,1951-01-26,F,PPE
96950,France,Liem,HOANG NGOC,1964-12-11,M,S&D
34235,Bulgaria,Stanimir,ILCHEV,1953-07-31,M,ALDE
105192,Spain,María,IRIGOYEN PÉREZ,1952-10-01,F,S&D
28424,Estonia,Tunne,KELAM,1936-07-10,M,PPE
96668,Ireland,Seán,KELLY,1952-04-26,M,PPE
96769,Germany,Jürgen,KLUTE,1953-10-13,M,GUE/NGL
96882,Austria,Elisabeth,KÖSTINGER,1978-11-22,F,PPE
102887,Hungary,Béla,KOVÁCS,1960-02-25,M,Array
96651,Slovakia,Eduard,KUKAN,1939-12-26,M,PPE
96765,Spain,Verónica,LOPE FONTAGNÉ,1952-02-01,F,PPE
96854,Germany,Sabine,LÖSING,1955-11-30,F,GUE/NGL
96675,Sweden,Isabella,LÖVIN,1963-02-03,F,Verts/ALE
96673,Sweden,Olle,LUDVIGSSON,1948-10-28,M,S&D
96823,Romania,Petru Constantin,LUHAN,1977-03-19,M,PPE
96792,Poland,Bogdan Kazimierz,MARCINKIEWICZ,1966-03-21,M,PPE
96652,Slovakia,Alajos,MÉSZÁROS,1952-06-18,M,PPE
28255,Austria,Andreas,MÖLZER,1952-12-02,M,Array
96695,Lithuania,Radvilė,MORKŪNAITĖ-MIKULĖNIENĖ,1984-01-02,F,PPE
96760,Italy,Tiziano,MOTTI,1966-02-07,M,PPE
96701,Spain,María,MUÑIZ DE URQUIZA,1962-08-05,F,S&D
96844,Germany,Norbert,NEUSER,1949-03-22,M,S&D
96861,Bulgaria,Nadezhda,NEYNSKY,1962-08-09,F,PPE
111024,Sweden,Jens,NILSSON,1948-09-25,M,S&D
96805,United Kingdom,Paul,NUTTALL,1976-11-30,M,EFD
40599,Finland,Sirpa,PIETIKÄINEN,1959-04-19,F,PPE
96715,Czech Republic,Pavel,POC,1964-05-26,M,S&D
96931,France,Maurice,PONGA,1947-06-05,M,PPE
96801,Poland,Tomasz Piotr,PORĘBA,1973-03-31,M,ECR
96838,Romania,Cristian Dan,PREDA,1966-10-26,M,PPE
107386,Ireland,Phil,PRENDERGAST,1959-09-20,F,S&D
108080,France,Franck,PROUST,1963-05-02,M,PPE
96903,Portugal,Paulo,RANGEL,1968-02-18,M,PPE
96686,Finland,Mitro,REPO,1958-09-03,M,S&D
97022,France,Robert,ROCHEFORT,1955-09-19,M,ALDE
96746,France,Marie-Thérèse,SANCHEZ-SCHMID,1957-11-15,F,PPE
96676,Sweden,Christian,ENGSTRÖM,1960-02-09,M,Verts/ALE
96944,United Kingdom,Marina,YANNAKOUDAKIS,1956-04-16,F,ECR
112611,Finland,Petri,SARVAMAA,1960-09-15,M,PPE
30482,France,Younous,OMARJEE,1969-09-30,M,GUE/NGL
111068,France,Jean,ROATTA,1941-12-13,M,PPE
96992,Italy,Magdi Cristiano,ALLAM,1952-04-22,M,EFD
111496,Spain,María Auxiliadora,CORREA ZAMORA,1972-05-24,F,PPE
112788,Germany,Birgit,COLLIN-LANGEN,1956-09-04,F,PPE
96744,France,José,BOVÉ,1953-06-11,M,Verts/ALE
114279,France,Isabelle,THOMAS,1961-11-26,F,S&D
113890,France,Karim,ZÉRIBI,1966-09-25,M,Verts/ALE
113597,Romania,Minodora,CLIVETI,1955-10-24,F,S&D
28404,Italy,Matteo,SALVINI,1973-03-09,M,EFD
113883,Hungary,Erik,BÁNKI,1970-05-26,M,PPE
113892,France,Eric,ANDRIEU,1960-04-14,M,S&D
96947,France,Nora,BERRA,1963-01-21,F,PPE
113891,France,Jean-Jacob,BICEP,1965-06-23,M,Verts/ALE
114268,Finland,Nils,TORVALDS,1945-08-07,M,ALDE
114873,Czech Republic,Vojtěch,MYNÁŘ,1944-05-04,M,S&D
96959,United Kingdom,George,LYON,1956-07-16,M,ALDE
116663,Bulgaria,Monika,PANAYOTOVA,1983-08-19,F,PPE
99419,Greece,Charalampos,ANGOURAKIS,1951-01-19,M,GUE/NGL
115868,Netherlands,Patricia van der,KAMMEN,1972-04-08,F,Array
117119,Romania,Dan Dumitru,ZAMFIRESCU,1953-11-01,M,Array
111017,Spain,Dolores,GARCÍA-HIERRO CARABALLO,1958-05-16,F,S&D
96860,France,Michèle,STRIFFLER,1957-08-23,F,PPE
116823,Italy,Francesca,BARRACCIU,1966-06-11,F,S&D
118709,Italy,Fabrizio,BERTOT,1967-02-23,M,PPE
113959,United Kingdom,Martina,ANDERSON,1962-04-16,F,GUE/NGL
96702,Romania,Elena Oana,ANTONESCU,1979-12-30,n/a,PPE
116816,Bulgaria,Preslav,BORISSOV,1977-03-07,M,PPE
94283,United Kingdom,Trevor,COLMAN,1941-08-27,M,Array
96726,Netherlands,Marije,CORNELISSEN,1974-03-09,F,Verts/ALE
96868,France,Karima,DELLI,1979-03-04,F,Verts/ALE
117477,Belgium,Mark,DEMESMAEKER,1958-09-12,M,Verts/ALE
96725,Netherlands,Bas,EICKHOUT,1976-10-08,M,Verts/ALE
96745,France,Catherine,GRÈZE,1960-04-15,F,Verts/ALE
96648,Belgium,Philippe,LAMBERTS,1963-03-14,M,Verts/ALE
118144,Cyprus,Andreas,PITSILLIDES,1977-06-09,M,PPE
113487,Portugal,Alda,SOUSA,1953-08-04,F,GUE/NGL
118710,Italy,Franco,BONANINI,1952-11-07,n/a,Array
118859,Malta,Roberta,METSOLA,1979-01-18,F,PPE
111014,Austria,Josef,WEIDENHOLZER,1950-03-06,M,S&D
118708,Italy,Susy,DE MARTINI,1952-06-17,F,ECR
103246,Netherlands,Auke,ZIJLSTRA,1964-11-01,M,Array
118860,Malta,Claudette,ABELA BALDACCHINO,1973-02-17,F,S&D
112744,Croatia,Tonino,PICULA,1961-08-31,M,S&D
119439,Croatia,Marino,BALDINI,1963-07-12,M,S&D
4293,Germany,Gabriele,STAUNER,1948-04-22,F,PPE
120478,Germany,Martina,MICHELS,1955-12-01,F,GUE/NGL
119875,Spain,Iñaki,IRAZABALBEITIA FERNÁNDEZ,1957-08-01,M,Verts/ALE
119441,Croatia,Sandra,PETROVIĆ JAKOVINA,1985-03-21,F,S&D
96815,Netherlands,Judith,SARGENTINI,1974-03-13,F,Verts/ALE
96696,Lithuania,Algirdas,SAUDARGAS,1948-04-17,M,PPE
96945,Netherlands,Marietje,SCHAAKE,1978-10-28,F,ALDE
96827,Germany,Birgit,SCHNIEBER-JASTRAM,1946-07-04,F,PPE
96731,Germany,Werner,SCHULZ,1950-01-22,M,Verts/ALE
96718,Czech Republic,Olga,SEHNALOVÁ,1968-10-25,F,S&D
96836,Germany,Peter,SIMON,1967-04-04,M,S&D
96655,Slovakia,Monika,SMOLKOVÁ,1956-10-06,F,S&D
96678,Sweden,Alf,SVENSSON,1938-10-01,M,PPE
96920,United Kingdom,Kay,SWINBURNE,1967-06-08,F,ECR
96847,Romania,Claudiu Ciprian,TĂNĂSESCU,1965-07-19,M,S&D
97136,Estonia,Indrek,TARAND,1964-02-03,M,Verts/ALE
96974,Portugal,Nuno,TEIXEIRA,1973-01-13,M,PPE
96776,Poland,Róża Gräfin von,THUN UND HOHENSTEIN,1954-04-13,F,PPE
97026,France,Patrice,TIROLIEN,1946-03-17,M,S&D
96756,Germany,Sabine,VERHEYEN,1964-10-24,F,PPE
96839,Germany,Kerstin,WESTPHAL,1962-09-11,F,S&D
96741,Germany,Sabine,WILS,1959-05-31,F,GUE/NGL
96764,Germany,Hermann,WINKLER,1963-04-22,M,PPE
39725,Romania,Iuliu,WINKLER,1964-03-14,M,PPE
96656,Slovakia,Boris,ZALA,1954-12-09,M,S&D
96795,Poland,Jacek Olgierd,KURSKI,1966-02-22,M,EFD
97344,Ireland,Paul,MURPHY,1983-04-13,M,GUE/NGL
96900,Greece,Georgios,PAPANIKOLAOU,1977-08-15,M,PPE
96758,Germany,Gerald,HÄFNER,1956-11-03,M,Verts/ALE
96872,Germany,Nadja,HIRSCH,1978-07-13,F,ALDE
96693,Lithuania,Juozas,IMBRASAS,1941-01-08,M,EFD
96704,Czech Republic,Edvard,KOŽUŠNÍK,1971-01-30,M,ECR
96812,Spain,Juan Fernando,LÓPEZ AGUILAR,1961-06-10,M,S&D
34234,Bulgaria,Antonyia,PARVANOVA,1962-04-26,F,ALDE
96658,Greece,Konstantinos,POUPAKIS,1951-01-18,M,PPE
108570,Sweden,Amelia,ANDERSDOTTER,1987-08-30,F,Verts/ALE
97193,Italy,Antonello,ANTINORO,1960-08-03,M,PPE
97009,Greece,Kriton,ARSENIS,1977-08-03,M,S&D
96732,France,Malika,BENARAB-ATTOU,1963-03-25,F,Verts/ALE
96912,United Kingdom,David,CAMPBELL BANNERMAN,1960-05-28,M,ECR
96866,Italy,Salvatore,CARONNA,1964-03-05,M,S&D
26851,Greece,Nikolaos,CHOUNTIS,1953-09-17,M,GUE/NGL
111823,Greece,Nikos,CHRYSOGELOS,1959-05-13,M,Verts/ALE
96775,Italy,Lara,COMI,1983-02-18,F,PPE
110984,Malta,Joseph,CUSCHIERI,1968-02-20,M,S&D
96786,Poland,Tadeusz,CYMAŃSKI,1955-06-06,M,EFD
28372,Poland,Ryszard,CZARNECKI,1963-01-25,M,ECR
96747,France,Arnaud,DANJEAN,1971-02-11,M,PPE
109337,Belgium,Philippe,DE BACKER,1978-12-04,M,ALDE
28256,Belgium,Jean-Luc,DEHAENE,1940-08-07,M,PPE
96914,Belgium,Anne,DELVAUX,1970-10-20,F,PPE
107977,Greece,Dimitrios,DROUTSAS,1968-08-05,M,S&D
96842,Germany,Ismail,ERTUG,1975-12-05,M,S&D
23840,Czech Republic,Richard,FALBR,1940-09-29,M,S&D
28126,Sweden,Christofer,FJELLNER,1976-12-13,M,PPE
96993,Italy,Lorenzo,FONTANA,1980-04-10,M,EFD
96949,United Kingdom,Vicky,FORD,1967-09-21,F,ECR
96957,United Kingdom,Ashley,FOX,1969-11-15,M,ECR
28150,Hungary,Kinga,GÁL,1970-09-06,F,PPE
96940,Netherlands,Gerben-Jan,GERBRANDY,1967-06-28,M,ALDE
96956,United Kingdom,Julie,GIRLING,1956-12-21,F,ECR
96790,Poland,Marek Józef,GRÓBARCZYK,1968-03-13,M,ECR
96768,Spain,Enrique,GUERRERO SALOM,1948-08-28,M,S&D
96952,France,Sylvie,GUILLAUME,1962-06-11,F,S&D
109649,Sweden,Mikael,GUSTAFSSON,1966-03-06,M,GUE/NGL
96907,Cyprus,Takis,HADJIGEORGIOU,1956-12-11,M,GUE/NGL
28233,Germany,Rebecca,HARMS,1956-12-07,F,Verts/ALE
28321,Finland,Satu,HASSI,1951-06-03,F,Verts/ALE
96818,Italy,Salvatore,IACOLINO,1963-11-18,M,PPE
110365,Sweden,Kent,JOHANSSON,1951-12-27,M,ALDE
96883,France,Eva,JOLY,1943-12-05,F,Verts/ALE
28280,Poland,Filip,KACZMAREK,1966-11-22,M,PPE
96807,Bulgaria,Ivailo,KALFIN,1964-05-30,M,S&D
96901,Latvia,Krišjānis,KARIŅŠ,1964-12-13,M,PPE
38613,Bulgaria,Metin,KAZAK,1972-07-29,M,ALDE
96734,Germany,Franziska,KELLER,1981-11-22,F,Verts/ALE
97011,Greece,Georgios,KOUMOUTSAKOS,1961-09-17,M,PPE
97968,Bulgaria,Andrey,KOVATCHEV,1967-12-13,M,PPE
96820,Portugal,Marisa,MATIAS,1976-02-20,F,GUE/NGL
96936,Spain,Gabriel,MATO ADROVER,1961-04-29,M,PPE
96663,Denmark,Morten,MESSERSCHMIDT,1980-11-13,M,EFD
97020,Italy,Guido,MILANA,1954-03-02,M,S&D
97280,Italy,Claudio,MORGANTI,1973-04-14,M,EFD
28288,Poland,Jan,OLBRYCHT,1952-09-21,M,PPE
96783,Poland,Wojciech Michał,OLEJNICZAK,1974-04-10,M,S&D
97007,Greece,Chrysoula,PALIADELI,1947-07-08,F,S&D
97050,Cyprus,Antigoni,PAPADOPOULOU,1954-07-08,F,S&D
33984,Romania,Ioan Mircea,PAŞCU,1949-02-17,M,S&D
96989,Spain,Andrés,PERELLÓ RODRÍGUEZ,1957-07-01,M,S&D
96925,Greece,Sylvana,RAPTI,1958-11-10,F,S&D
96885,France,Dominique,RIQUET,1946-09-18,M,PPE
96710,Denmark,Jens,ROHDE,1970-04-18,M,ALDE
96819,Italy,Licia,RONZULLI,1975-09-14,F,PPE
99416,Greece,Nikolaos,SALAVRAKOS,1946-02-15,M,EFD
96770,Poland,Joanna Katarzyna,SKRZYDLEWSKA,1977-02-17,F,PPE
97018,Greece,Theodoros,SKYLAKAKIS,1959-10-18,M,ALDE
97008,Greece,Georgios,STAVRAKAKIS,1954-10-13,M,S&D
39721,Romania,Theodor Dumitru,STOLOJAN,1943-10-24,M,PPE
28320,Czech Republic,Ivo,STREJČEK,1962-01-11,M,ECR
96703,Denmark,Emilie,TURUNEN,1984-05-13,F,S&D
96660,Greece,Niki,TZAVELA,1947-06-30,F,EFD
97131,Italy,Giommaria,UGGIAS,1961-03-29,M,ALDE
28221,Germany,Thomas,ULMER,1956-07-25,M,PPE
96858,France,Marie-Christine,VERGIAT,1956-09-23,F,GUE/NGL
96774,Poland,Jarosław Leszek,WAŁĘSA,1976-09-13,M,PPE
96763,Spain,Pablo,ZALBA BIDEGAIN,1975-01-28,M,PPE
96777,Poland,Paweł,ZALEWSKI,1964-09-25,M,PPE
108329,Italy,Andrea,ZANONI,1965-08-26,M,ALDE
96933,Slovenia,Milan,ZVER,1962-05-25,M,PPE
96814,Romania,Elena,BĂSESCU,1980-04-24,F,PPE
96878,Hungary,Lajos,BOKROS,1954-06-26,M,ECR
96739,Germany,Reinhard,BÜTIKOFER,1953-01-26,M,Verts/ALE
99325,Greece,Spyros,DANELLIS,1955-01-28,M,S&D
96859,Romania,Ioan,ENCIU,1953-04-14,M,S&D
96852,Germany,Cornelia,ERNST,1956-11-30,F,GUE/NGL
39321,Spain,Vicente Miguel,GARCÉS RAMÓN,1946-11-10,M,S&D
96991,Spain,Eider,GARDIAZÁBAL RUBIAL,1975-07-12,F,S&D
28266,Netherlands,Sophia in 't,VELD,1963-09-13,F,ALDE
28314,Finland,Anneli,JÄÄTTEENMÄKI,1955-02-11,F,ALDE
105849,France,Agnès,LE BRUN,1961-12-28,F,PPE
96709,Denmark,Morten,LØKKEGAARD,1964-12-20,M,ALDE
96825,Romania,Norica,NICOLAI,1958-01-27,F,ALDE
97229,Italy,Niccolò,RINALDI,1962-12-03,M,ALDE
111018,Spain,Salvador,SEDÓ i ALABART,1969-04-03,M,PPE
97019,Slovenia,Ivo,VAJGL,1943-03-03,M,ALDE
111589,Portugal,Inês Cristina,ZUBER,1980-03-11,F,GUE/NGL
96803,Poland,Zbigniew,ZIOBRO,1970-08-18,M,EFD
111019,Spain,Eva,ORTIZ VILELLA,1975-10-16,F,PPE
111026,Austria,Ewald,STADLER,1961-05-21,M,Array
112620,United Kingdom,Rebecca,TAYLOR,1975-08-10,F,ALDE
96908,France,Gaston,FRANCO,1944-02-04,M,PPE
23785,Poland,Andrzej,GRZYB,1956-08-23,M,PPE
96813,Italy,Barbara,MATERA,1981-12-09,F,PPE
96997,Germany,Burkhard,BALZ,1969-07-24,M,PPE
96779,Poland,Danuta Maria,HÜBNER,1948-04-08,F,PPE
96871,Germany,Michael,THEURER,1967-01-12,M,ALDE
28291,Slovenia,Romana,JORDAN,1966-01-08,F,PPE
33997,Romania,Corina,CREŢU,1967-06-24,F,S&D
97296,France,Michel,DANTIN,1960-01-15,M,PPE
96998,Austria,Evelyn,REGNER,1966-01-24,F,S&D
96843,Italy,Marco,SCURRIA,1967-05-18,M,PPE
101580,France,Constance,LE GRIP,1960-11-14,F,PPE
105624,France,Philippe,BOULLAND,1955-08-18,M,PPE
28324,Czech Republic,Milan,CABRNOCH,1962-08-06,M,ECR
96826,Hungary,Tamás,DEUTSCH,1966-07-27,M,PPE
96896,France,Marielle,GALLO,1949-05-19,F,PPE
96684,Finland,Liisa,JAAKONSAARI,1945-09-02,F,S&D
4246,Austria,Othmar,KARAS,1957-12-24,M,PPE
96800,Poland,Marek Henryk,MIGALSKI,1969-01-14,M,ECR
96889,Italy,Potito,SALATTO,1942-01-22,M,PPE
96918,United Kingdom,Derek,VAUGHAN,1961-05-02,M,S&D
112071,Ireland,Emer,COSTELLO,1962-09-03,F,S&D
96781,Poland,Danuta,JAZŁOWIECKA,1957-05-19,F,PPE
111027,Bulgaria,Svetoslav Hristov,MALINOV,1968-01-19,M,PPE
96749,United Kingdom,Andrew Henry William,BRONS,1947-06-16,M,Array
4553,United Kingdom,Jacqueline,FOSTER,,F,ECR
96735,France,Patrick,LE HYARIC,1957-02-04,M,GUE/NGL
96831,Germany,Jutta,STEINRUCK,1962-09-01,F,S&D
4462,Italy,Clemente,MASTELLA,1947-02-05,M,PPE
96999,Latvia,Alexander,MIRSKY,1964-03-20,M,S&D
96875,Germany,Britta,REIMERS,1971-07-27,F,ALDE
96685,Finland,Riikka,PAKARINEN,1981-08-24,F,ALDE
4556,United Kingdom,Nirj,DEVA,1948-05-11,M,ECR
96780,Germany,Monika,HOHLMEIER,1962-07-02,F,PPE
28171,Netherlands,Emine,BOZKURT,1967-08-09,F,S&D
28311,Portugal,Luis Manuel,CAPOULAS SANTOS,1951-08-22,M,S&D
96848,Bulgaria,Mariya,GABRIEL,1979-05-20,F,PPE
28177,France,Bernadette,VERGNAUD,1950-09-16,F,S&D
96874,Germany,Alexandra,THEIN,1963-10-05,F,ALDE
41007,Italy,Iva,ZANICCHI,1940-01-18,F,PPE
96802,Poland,Jacek,WŁOSOWICZ,1966-01-25,M,EFD
107041,Austria,Heinz,K. BECKER,1950-06-29,M,PPE
97086,Italy,Sonia,ALFANO,1971-10-15,F,ALDE
96892,Italy,Roberto,GUALTIERI,1966-07-19,M,S&D
96862,France,Sophie,AUCONIE,1963-08-19,F,PPE
96736,Germany,Jan Philipp,ALBRECHT,1982-12-20,M,Verts/ALE
96750,France,François,ALFONSI,1953-09-14,M,Verts/ALE
28246,Germany,Alexander,ALVARO,1975-05-26,M,ALDE
96954,United Kingdom,Marta,ANDREASEN,1954-11-26,F,ECR
96986,Spain,Josefa,ANDRÉS BAREA,1958-02-17,F,S&D
28276,Lithuania,Laima Liucija,ANDRIKIENĖ,1958-01-01,F,PPE
1941,Italy,Roberta,ANGELILLI,1965-02-01,F,PPE
28422,Italy,Alfredo,ANTONIOZZI,1956-03-18,M,PPE
97228,Italy,Pino,ARLACCHI,1951-02-21,M,S&D
28132,United Kingdom,Richard,ASHWORTH,1947-09-17,M,ECR
4537,United Kingdom,Sir Robert,ATKINS,1946-02-05,M,ECR
23938,Malta,John,ATTARD-MONTALTO,1953-02-07,M,S&D
33775,France,Jean-Pierre,AUDY,1952-06-12,M,PPE
28161,Denmark,Margrete,AUKEN,1945-01-06,F,Verts/ALE
28292,Spain,Inés,AYALA SENDER,1957-03-28,F,S&D
28114,Ireland,Liam,AYLWARD,1952-09-27,M,ALDE
4319,Spain,Pilar,AYUSO,1942-06-16,F,PPE
96937,Netherlands,Johannes Cornelis van,BAALEN,1960-06-17,M,ALDE
97293,Luxembourg,Georges,BACH,1955-06-12,M,PPE
28342,Spain,Maria,BADIA i CUTCHET,1947-05-13,F,S&D
23813,Hungary,Zoltán,BAGÓ,1975-01-10,M,PPE
96680,Lithuania,Zigmantas,BALČYTIS,1953-11-16,M,S&D
96757,Italy,Raffaele,BALDASSARRE,1956-09-23,M,PPE
96979,Italy,Francesca,BALZANI,1966-10-31,F,S&D
21818,Italy,Paolo,BARTOLOZZI,1957-09-12,M,PPE
23866,Slovakia,Edit,BAUER,1946-08-30,F,PPE
4507,Netherlands,Bastiaan,BELDER,1946-10-25,M,EFD
28257,Belgium,Ivo,BELET,1959-06-07,M,PPE
28214,France,Jean-Luc,BENNAHMIAS,1954-12-02,M,ALDE
1985,France,Pervenche,BERÈS,1957-03-10,F,S&D
4746,Italy,Sergio,BERLATO,1959-07-27,M,PPE
97156,Italy,Luigi,BERLINGUER,1932-07-25,M,S&D
28174,Netherlands,Thijs,BERMAN,1957-09-26,M,S&D
23788,Poland,Adam,BIELAN,1974-09-12,M,ECR
38610,Bulgaria,Slavi,BINEV,1965-12-10,M,EFD
28513,United Kingdom,Godfrey,BLOOM,1949-11-22,M,EFD
39722,Romania,Sebastian Valentin,BODU,1970-12-07,n/a,PPE
1037,Germany,Reimer,BÖGE,1951-12-18,M,PPE
29074,Italy,Vito,BONSIGNORE,1943-07-03,M,PPE
21817,Italy,Mario,BORGHEZIO,1947-12-03,M,Array
96916,Italy,Rita,BORSELLINO,1945-06-02,F,S&D
39711,Romania,Victor,BOŞTINARU,1952-05-17,M,S&D
33570,United Kingdom,Sharon,BOWLES,1953-06-12,F,ALDE
4540,United Kingdom,Philip,BRADBOURN,1951-08-09,M,ECR
111126,Poland,Arkadiusz Tomasz,BRATKOWSKI,1959-05-13,M,PPE
28354,Czech Republic,Jan,BŘEZINA,1954-04-14,M,PPE
1263,Germany,Elmar,BROK,1946-05-14,M,PPE
96716,Czech Republic,Zuzana,BRZOBOHATÁ,1962-07-11,F,S&D
4267,Germany,Udo,BULLMANN,1956-06-08,M,S&D
28269,Poland,Jerzy,BUZEK,1940-07-03,M,PPE
96849,France,Alain,CADEC,1953-06-21,M,PPE
4536,United Kingdom,Martin,CALLANAN,1961-08-08,M,ECR
96754,Netherlands,Wim van de,CAMP,1953-07-27,M,PPE
96733,Italy,Antonio,CANCIAN,1951-07-02,M,PPE
96867,Portugal,Maria Da Graça,CARVALHO,1955-04-09,F,PPE
28122,Malta,David,CASA,1968-11-16,M,PPE
4532,United Kingdom,Michael,CASHMAN,1950-12-17,M,S&D
988,Italy,Carlo,CASINI,1935-03-04,M,PPE
28219,Germany,Daniel,CASPARY,1976-04-04,M,PPE
28148,France,Françoise,CASTEX,1956-02-07,F,S&D
28390,Spain,Pilar del,CASTILLO VERA,1952-07-31,F,PPE
28206,France,Jean-Marie,CAVADA,1940-02-24,M,PPE
4337,Spain,Alejandro,CERCAS,1949-05-25,M,S&D
28243,Germany,Jorgo,CHATZIMARKAKIS,1966-04-21,M,ALDE
2097,United Kingdom,Giles,CHICHESTER,1946-07-29,M,ECR
28154,Denmark,Ole,CHRISTENSEN,1955-05-07,M,S&D
24030,Belgium,Philip,CLAEYS,1965-05-24,M,Array
1202,France,Yves,COCHET,1946-02-15,M,Verts/ALE
1892,Portugal,Carlos,COELHO,1960-05-20,M,PPE
1934,France,Daniel,COHN-BENDIT,1945-04-04,M,Verts/ALE
2315,France,Jean Louis,COTTIGNY,1950-09-12,M,S&D
96880,Italy,Andrea,COZZOLINO,1962-08-03,M,S&D
28238,Germany,Michael,CRAMER,1949-06-16,M,Verts/ALE
96873,Germany,Jürgen,CREUTZMANN,1945-10-04,M,ALDE
2109,Ireland,Brian,CROWLEY,1964-03-04,M,ALDE
96856,Romania,George Sabin,CUTAŞ,1968-02-23,M,S&D
97125,Belgium,Frédéric,DAERDEN,1970-01-11,M,S&D
96809,Netherlands,Peter van,DALEN,1958-09-03,M,ECR
95281,Romania,Vasilica Viorica,DĂNCILĂ,1963-12-16,F,S&D
4342,France,Joseph,DAUL,1947-04-13,M,PPE
96973,Portugal,Mário,DAVID,1953-08-20,M,PPE
4554,United Kingdom,Chris,DAVIES,1954-07-07,M,ALDE
96887,Italy,Francesco,DE ANGELIS,1959-10-04,M,S&D
96891,Italy,Paolo,DE CASTRO,1958-02-02,M,S&D
22097,Belgium,Véronique,DE KEYSER,1945-03-23,F,S&D
1746,Italy,Luigi Ciriaco,DE MITA,1928-02-02,M,PPE
4335,France,Marielle de,SARNEZ,1951-03-27,F,ALDE
4318,France,Harlem,DÉSIR,1959-11-25,M,S&D
28228,Germany,Albert,DESS,1947-04-17,M,PPE
4347,France,Christine,DE VEYRAC,1959-11-06,F,PPE
28397,Spain,Agustín,DÍAZ DE MERA GARCÍA CONSUEGRA,1947-09-27,M,PPE
4514,United Kingdom,Andrew,DUFF,1950-12-25,M,ALDE
96639,Belgium,Isabelle,DURANT,1954-09-04,F,Verts/ALE
28226,Germany,Christian,EHLER,1963-08-17,M,PPE
25718,Belgium,Saïd,EL KHADRAOUI,1975-04-09,M,S&D
1419,United Kingdom,James,ELLES,1949-09-03,M,ECR
96876,Luxembourg,Frank,ENGEL,1975-05-10,M,PPE
97133,Belgium,Derk Jan,EPPINK,1958-11-07,M,ECR
28310,Portugal,Edite,ESTRELA,1949-10-28,F,S&D
4550,United Kingdom,Jill,EVANS,1959-05-08,F,Verts/ALE
23695,Czech Republic,Hynek,FAJMON,1968-05-17,M,ECR
96911,Slovenia,Tanja,FAJON,1971-05-09,F,S&D
4525,United Kingdom,Nigel,FARAGE,1964-04-03,M,EFD
4265,Sweden,Göran,FÄRM,1949-10-17,M,S&D
1917,Germany,Markus,FERBER,1965-01-15,M,PPE
28308,Portugal,Elisa,FERREIRA,1955-10-17,F,S&D
96706,Portugal,João,FERREIRA,1978-11-20,M,GUE/NGL
96810,Italy,Carlo,FIDANZA,1976-09-21,M,PPE
96729,Spain,Santiago,FISAS AYXELA,1948-08-29,M,PPE
23868,Slovakia,Monika,FLAŠÍKOVÁ BEŇOVÁ,1968-08-15,F,S&D
4385,France,Hélène,FLAUTRE,1958-07-29,F,Verts/ALE
96840,Germany,Knut,FLECKENSTEIN,1953-12-20,M,S&D
1038,Germany,Karl-Heinz,FLORENZ,1947-10-22,M,PPE
1993,Spain,Carmen,FRAGA ESTÉVEZ,1948-10-19,F,PPE
2341,Germany,Michael,GAHLER,1960-04-22,M,PPE
2125,Ireland,Pat the Cope,GALLAGHER,1948-03-10,M,ALDE
102886,Hungary,Ildikó,GÁLL-PELCZ,1962-05-02,F,PPE
28298,Spain,Iratxe,GARCÍA PÉREZ,1974-10-07,F,S&D
4562,Italy,Giuseppe,GARGANI,1935-04-23,M,PPE
1665,Spain,Salvador,GARRIGA POLLEDO,1957-08-06,M,PPE
28193,France,Jean-Paul,GAUZÈS,1947-10-01,M,PPE
1913,Germany,Evelyne,GEBHARDT,1954-01-19,F,S&D
28377,Poland,Lidia Joanna,GERINGER de OEDENBERG,1957-09-12,F,S&D
1431,Greece,Marietta,GIANNAKOU,1951-06-05,F,PPE
28379,Poland,Adam,GIEREK,1938-04-17,M,S&D
1902,Germany,Norbert,GLANTE,1952-08-08,M,S&D
28145,Hungary,Béla,GLATTFELDER,1967-05-04,M,PPE
4429,Luxembourg,Robert,GOEBBELS,1944-04-03,M,S&D
840,Luxembourg,Charles,GOERENS,1952-02-06,M,ALDE
1164,France,Bruno,GOLLNISCH,1950-01-28,M,Array
28306,Portugal,Ana,GOMES,1954-02-09,F,S&D
96832,Hungary,Kinga,GÖNCZ,1947-11-08,F,S&D
28393,Spain,Luis de,GRANDES PASCUAL,1945-01-27,M,PPE
28220,Germany,Ingeborg,GRÄSSLE,1961-03-02,F,PPE
28208,France,Nathalie,GRIESBECK,1956-05-24,F,ALDE
96751,United Kingdom,Nick,GRIFFIN,1959-03-01,M,Array
34728,Germany,Matthias,GROOTE,1973-10-21,M,S&D
2247,Belgium,Mathieu,GROSCH,1950-09-14,M,PPE
2025,France,Françoise,GROSSETÊTE,1946-05-17,F,PPE
4326,Spain,Cristina,GUTIÉRREZ-CORTINES,1939-12-17,F,PPE
23816,Hungary,András,GYÜRK,1972-12-02,M,PPE
28477,United Kingdom,Fiona,HALL,1955-07-15,F,ALDE
96851,Germany,Thomas,HÄNDEL,1953-08-27,M,GUE/NGL
28275,Poland,Małgorzata,HANDZLIK,1965-01-01,F,PPE
96707,Hungary,Ágnes,HANKISS,1950-03-07,F,PPE
4555,United Kingdom,Daniel,HANNAN,1971-09-01,M,ECR
4538,United Kingdom,Malcolm,HARBOUR,1947-02-19,M,ECR
28116,Ireland,Marian,HARKIN,1953-11-26,F,ALDE
103132,Netherlands,Lucas,HARTONG,1963-05-24,M,Array
1914,Germany,Jutta,HAUG,1951-10-08,F,S&D
96752,Germany,Martin,HÄUSLING,1961-03-26,M,Verts/ALE
28131,Sweden,Anna,HEDH,1967-03-18,F,S&D
4516,United Kingdom,Roger,HELMER,1944-01-25,M,EFD
28155,Hungary,Edit,HERCZOG,1961-05-05,F,S&D
22418,Spain,Esther,HERRANZ GARCÍA,1969-07-03,F,PPE
28117,Ireland,Jim,HIGGINS,1945-05-04,M,PPE
28124,Sweden,Gunnar,HÖKMARK,1952-09-19,M,PPE
5846,United Kingdom,Mary,HONEYBALL,1952-11-12,F,S&D
5565,France,Brice,HORTEFEUX,1958-05-11,M,PPE
2073,United Kingdom,Richard,HOWITT,1961-04-05,M,S&D
2338,United Kingdom,Ian,HUDGHTON,1951-09-19,M,Verts/ALE
1407,United Kingdom,Stephen,HUGHES,1952-08-19,M,S&D
34249,Bulgaria,Filiz Hakaeva,HYUSMENOVA,1966-06-10,F,ALDE
28125,Sweden,Anna,IBRISAGIC,1967-05-23,F,PPE
38605,Bulgaria,Iliana Malinova,IOTOVA,1964-10-24,F,S&D
97130,Italy,Vincenzo,IOVINE,1955-12-28,M,S&D
28398,Spain,Carlos José,ITURGAIZ ANGULO,1965-10-20,M,PPE
96857,Romania,Cătălin Sorin,IVAN,1978-12-23,M,S&D
96740,France,Yannick,JADOT,1967-07-27,M,Verts/ALE
96772,Germany,Peter,JAHR,1959-04-24,M,PPE
96806,Spain,Teresa,JIMÉNEZ-BECERRIL BARRIO,1961-07-24,F,PPE
96837,Germany,Petra,KAMMEREVERT,1966-06-01,F,S&D
28506,United Kingdom,Mike,NATTRASS,1945-12-14,M,EFD
28295,Spain,Antolín,SÁNCHEZ PRESEDO,1955-04-05,M,S&D
114840,Cyprus,Sophocles,SOPHOCLEOUS,1962-08-07,M,S&D
96855,Hungary,Csanád,SZEGEDI,1982-09-22,M,Array
96958,United Kingdom,William (The Earl of),DARTMOUTH,1949-09-23,M,EFD
30475,Lithuania,Justina,VITKAUSKAITE BERNARD,1978-01-11,F,ALDE
112014,United Kingdom,Phil,BENNION,1954-10-07,M,ALDE
96674,Sweden,Anna Maria,CORAZZA BILDT,1963-03-10,F,PPE
37524,Bulgaria,Marusya,LYUBCHEVA,1949-07-20,F,S&D
118858,Malta,Marlene,MIZZI,1954-12-24,F,S&D
96890,Italy,Mario,PIRILLO,1945-09-11,M,S&D
119435,Croatia,Davor Ivo,STIER,1972-01-06,M,PPE
119440,Croatia,Oleg,VALJALO,1970-11-19,M,S&D
118999,Italy,Franco,FRIGO,1950-08-13,M,S&D
28141,Hungary,Lívia,JÁRÓKA,1974-10-06,F,PPE
96782,Poland,Sidonia Elżbieta,JĘDRZEJEWSKA,1975-11-05,F,PPE
4271,Germany,Elisabeth,JEGGLE,1947-07-21,F,PPE
4440,Denmark,Anne,E. JENSEN,1951-08-17,F,ALDE
96748,Netherlands,Cornelis de,JONG,1955-05-22,M,GUE/NGL
28156,Denmark,Dan,JØRGENSEN,1975-06-12,M,S&D
96884,France,Philippe,JUVIN,1964-02-01,M,PPE
23691,Slovenia,Jelko,KACIN,1955-11-26,M,ALDE
97014,Austria,Karin,KADENBACH,1958-04-19,F,S&D
96771,Poland,Jarosław,KALINOWSKI,1962-04-12,M,PPE
96934,Latvia,Sandra,KALNIETE,1952-12-22,F,PPE
33569,United Kingdom,Syed,KAMALL,1967-02-15,M,ECR
23792,Poland,Michał Tomasz,KAMIŃSKI,1972-03-28,M,ECR
28481,United Kingdom,Sajjad,KARIM,1970-07-11,M,ECR
25919,Germany,Martin,KASTLER,1974-06-18,M,PPE
96737,France,Nicole,KIIL-NIELSEN,1949-08-21,F,Verts/ALE
34231,Bulgaria,Evgeni,KIRILOV,1945-01-26,M,S&D
4542,United Kingdom,Timothy,KIRKHOPE,1945-04-29,M,ECR
1929,Germany,Christa,KLASS,1951-11-07,F,PPE
23413,Slovenia,Mojca,KLEVA KEKUŠ,1976-03-30,F,S&D
28244,Germany,Wolf,KLINZ,1941-09-13,M,ALDE
1852,Germany,Dieter-Lebrecht,KOCH,1953-01-07,M,PPE
28241,Germany,Silvana,KOCH-MEHRIN,1970-11-17,F,ALDE
28331,Czech Republic,Jaromír,KOHLÍČEK,1953-02-23,M,GUE/NGL
96785,Poland,Lena,KOLARSKA-BOBIŃSKA,1947-12-03,F,PPE
39319,Greece,Maria Eleni,KOPPA,1963-03-01,F,S&D
4260,Finland,Eija-Riitta,KORHOLA,1959-06-15,F,PPE
96829,Hungary,Ádám,KÓSA,1975-07-01,M,PPE
96793,Poland,Paweł Robert,KOWAL,1975-07-22,M,ECR
23873,Slovakia,Sergej,KOZLÍK,1950-07-27,M,ALDE
101954,Poland,Jan,KOZŁOWSKI,1946-01-01,M,PPE
28247,Germany,Holger,KRAHMER,1970-10-16,M,ALDE
4482,Greece,Rodi,KRATSA-TSAGAROPOULOU,1953-04-15,F,PPE
1854,Germany,Constanze Angela,KREHL,1956-10-14,F,S&D
1935,Germany,Wolfgang,KREISSL-DÖRFLER,1950-12-01,M,S&D
96767,Germany,Werner,KUHN,1955-05-19,M,PPE
1204,France,Alain,LAMASSOURE,1944-02-10,M,PPE
4531,United Kingdom,Jean,LAMBERT,1950-06-01,F,Verts/ALE
28242,Germany,Alexander Graf,LAMBSDORFF,1966-11-05,M,ALDE
23746,Lithuania,Vytautas,LANDSBERGIS,1932-10-18,M,PPE
1909,Germany,Bernd,LANGE,1955-11-14,M,S&D
38398,Netherlands,Esther de,LANGE,1975-02-19,F,PPE
1928,Germany,Werner,LANGEN,1949-11-27,M,PPE
96816,Italy,Giovanni,LA VIA,1963-06-28,M,PPE
96796,Poland,Ryszard Antoni,LEGUTKO,1949-12-24,M,ECR
2224,Germany,Klaus-Heiner,LEHNE,1957-10-28,M,PPE
28251,Austria,Jörg,LEICHTFRIED,1967-06-18,M,S&D
4262,Germany,Jo,LEINEN,1948-04-06,M,S&D
97076,France,Corinne,LEPAGE,1951-05-11,F,ALDE
1023,France,Jean-Marie,LE PEN,1928-06-20,M,Array
28210,France,Marine,LE PEN,1968-08-05,F,Array
23768,Poland,Bogusław,LIBERADZKI,1948-09-12,M,S&D
28253,Austria,Eva,LICHTENBERGER,1954-07-01,F,Verts/ALE
1927,Germany,Peter,LIESE,1965-05-20,M,PPE
28182,Netherlands,Kartika Tamara,LIOTARD,1971-06-26,F,GUE/NGL
96788,Poland,Krzysztof,LISEK,1967-05-28,M,PPE
96728,Germany,Barbara,LOCHBIHLER,1959-05-20,F,Verts/ALE
28399,Spain,Antonio,LÓPEZ-ISTÚRIZ WHITE,1970-04-01,M,PPE
4529,United Kingdom,Baroness Sarah,LUDFORD,1951-03-14,F,ALDE
96791,Poland,Elżbieta Katarzyna,ŁUKACIJEWSKA,1966-11-25,F,PPE
1186,Luxembourg,Astrid,LULLING,1929-06-11,F,PPE
2327,United Kingdom,Linda,McAVAN,1962-12-02,F,S&D
2173,United Kingdom,Arlene,McCARTHY,1960-10-10,F,S&D
96919,United Kingdom,Emma,McCLARKIN,1978-10-09,F,ECR
28115,Ireland,Mairead,McGUINNESS,1959-06-13,F,PPE
1405,United Kingdom,Edward,McMILLAN-SCOTT,1949-08-15,M,ALDE
4560,Netherlands,Toine,MANDERS,1956-03-14,M,ALDE
28192,Slovakia,Vladimír,MAŇKA,1959-09-19,M,S&D
1922,Germany,Thomas,MANN,1946-01-28,M,PPE
33982,Romania,Marian-Jean,MARINESCU,1952-08-11,M,PPE
1403,United Kingdom,David,MARTIN,1954-08-26,M,S&D
4238,Austria,Hans-Peter,MARTIN,1957-08-11,M,Array
4346,Spain,Miguel Angel,MARTÍNEZ MARTÍNEZ,1940-01-30,M,S&D
28338,Spain,Antonio,MASIP HIDALGO,1946-05-03,M,S&D
23704,Czech Republic,Jiří,MAŠTÁLKA,1956-01-03,M,GUE/NGL
4412,France,Véronique,MATHIEU HOUILLON,1955-10-28,F,PPE
95017,Romania,Iosif,MATULA,1958-08-23,M,PPE
4275,Germany,Hans-Peter,MAYER,1944-05-05,M,PPE
28362,Spain,Jaime,MAYOR OREJA,1951-07-12,M,PPE
39916,Slovenia,Zofija,MAZEJ KUKOVIČ,1955-05-14,F,PPE
96817,Italy,Erminia,MAZZONI,1965-04-28,F,PPE
96870,Germany,Gesine,MEISSNER,1952-02-22,F,ALDE
96742,France,Jean-Luc,MÉLENCHON,1951-08-19,M,GUE/NGL
96978,Portugal,Nuno,MELO,1966-03-18,M,PPE
4348,Spain,Emilio,MENÉNDEZ del VALLE,1945-06-20,M,S&D
96910,Netherlands,Judith,A. MERKIES,1966-09-28,F,S&D
28407,Spain,Willy,MEYER,1952-08-19,M,GUE/NGL
96670,Belgium,Louis,MICHEL,1947-09-02,M,ALDE
28178,Slovakia,Miroslav,MIKOLÁŠIK,1952-09-11,M,PPE
28400,Spain,Francisco José,MILLÁN MON,1955-03-08,M,PPE
28112,Ireland,Gay,MITCHELL,1951-12-30,M,PPE
4519,United Kingdom,Claude,MORAES,1965-10-22,M,S&D
96930,Portugal,Vital,MOREIRA,1944-11-08,M,S&D
38596,France,Elisabeth,MORIN-CHARTIER,1947-10-10,F,PPE
96661,Hungary,Krisztina,MORVAI,1963-06-22,F,Array
1965,Netherlands,Jan,MULDER,1943-10-03,M,ALDE
1073,Italy,Cristiana,MUSCARDINI,1948-11-06,F,ECR
5537,Spain,Juan Andrés,NARANJO ESCOBAR,1952-01-04,M,PPE
96653,Slovakia,Katarína,NEVEĎALOVÁ,1982-11-10,F,S&D
1394,United Kingdom,Bill,NEWTON DUNN,1941-10-03,M,ALDE
1946,Belgium,Annemie,NEYTS-UYTTEBROECK,1944-06-17,F,ALDE
1318,United Kingdom,James,NICHOLSON,1945-01-29,M,ECR
39714,Romania,Rareş-Lucian,NICULESCU,1976-08-29,M,PPE
4289,Germany,Angelika,NIEBLER,1963-02-18,F,PPE
28165,Netherlands,Lambert van,NISTELROOIJ,1953-03-05,M,PPE
96794,Poland,Sławomir,NITRAS,1973-04-26,M,PPE
96981,Austria,Franz,OBERMAYR,1952-05-25,M,Array
4328,Spain,Raimon,OBIOLS,1940-08-05,M,S&D
97230,Estonia,Kristiina,OJULAND,1966-12-17,F,ALDE
1122,Netherlands,Ria,OOMEN-RUIJTEN,1950-09-06,F,PPE
23819,Hungary,Csaba,ŐRY,1952-05-12,M,PPE
23705,Czech Republic,Miroslav,OUZKÝ,1958-08-18,M,ECR
26829,Estonia,Siiri,OVIIR,1947-11-03,F,ALDE
1191,Germany,Doris,PACK,1942-03-18,F,PPE
97025,Estonia,Ivari,PADAR,1965-03-12,M,S&D
96694,Lithuania,Rolandas,PAKSAS,1956-06-10,M,EFD
28279,Lithuania,Justas Vincas,PALECKIS,1942-01-01,M,S&D
97197,Italy,Alfredo,PALLONE,1947-09-13,M,PPE
38602,Bulgaria,Vladko Todorov,PANAYOTOV,1950-05-07,M,ALDE
28365,Italy,Pier Antonio,PANZERI,1955-06-06,M,S&D
28572,Greece,Georgios,PAPASTAMKOS,1955-03-05,M,PPE
96948,France,Gilles,PARGNEAUX,1957-03-24,M,S&D
96654,Slovakia,Jaroslav,PAŠKA,1954-06-20,M,EFD
96902,Portugal,Maria do Céu,PATRÃO NEVES,1959-04-26,F,PPE
36392,Italy,Aldo,PATRICIELLO,1957-09-27,M,PPE
4270,Sweden,Marit,PAULSEN,1939-11-24,F,ALDE
23693,Slovenia,Alojz,PETERLE,1948-07-05,M,PPE
28341,Poland,Mirosław,PIOTROWSKI,1966-01-09,M,ECR
2307,Austria,Hubert,PIRKER,1948-10-03,M,PPE
4436,Italy,Gianni,PITTELLA,1958-11-19,M,S&D
39317,Greece,Anni,PODIMATA,1962-10-08,F,S&D
2229,Germany,Bernd,POSSELT,1956-06-04,M,PPE
1253,Germany,Hans-Gert,PÖTTERING,1945-09-15,M,PPE
28370,Italy,Vittorio,PRODI,1937-05-19,M,S&D
23782,Poland,Jacek,PROTASIEWICZ,1967-06-05,M,PPE
96994,Italy,Fiorello,PROVERA,1946-03-31,M,EFD
1055,Germany,Godelieve,QUISTHOUDT-ROWOHL,1947-06-18,F,PPE
23706,Czech Republic,Miloslav,RANSDORF,1953-02-15,M,GUE/NGL
1906,Germany,Bernhard,RAPKAY,1951-01-08,M,S&D
28330,Czech Republic,Vladimír,REMEK,1948-09-26,M,GUE/NGL
28225,Germany,Herbert,REUL,1952-08-31,M,PPE
28349,Spain,Teresa,RIERA MADURELL,1950-10-13,F,S&D
4253,Belgium,Frédérique,RIES,1959-05-14,F,ALDE
96743,France,Michèle,RIVASI,1953-02-09,F,Verts/ALE
97199,Italy,Crescenzio,RIVELLINI,1955-07-09,M,PPE
93624,Germany,Ulrike,RODUST,1949-06-04,F,S&D
28352,Czech Republic,Zuzana,ROITHOVÁ,1953-01-30,F,PPE
96990,Spain,Carmen,ROMERO LÓPEZ,1946-11-15,F,S&D
28409,Spain,Raül,ROMEVA i RUEDA,1971-03-12,M,Verts/ALE
96664,Denmark,Anna,ROSBACH,1947-02-02,F,ECR
97196,Italy,Oreste,ROSSI,1964-03-24,M,PPE
1183,Germany,Dagmar,ROTH-BEHRENDT,1953-02-21,F,S&D
23707,Czech Republic,Libor,ROUČEK,1954-09-04,M,S&D
2278,Austria,Paul,RÜBIG,1953-05-06,M,PPE
96988,Latvia,Alfreds,RUBIKS,1935-09-24,M,GUE/NGL
4294,Germany,Heide,RÜHLE,1948-11-05,F,Verts/ALE
4345,France,Tokia,SAÏFI,1959-07-11,F,PPE
2002,Spain,José Ignacio,SALAFRANCA SÁNCHEZ-NEYRA,1955-05-31,M,PPE
33989,Romania,Daciana Octavia,SÂRBU,1977-01-15,F,S&D
4423,Italy,Amalia,SARTORI,1947-08-02,F,PPE
28297,Poland,Jacek,SARYUSZ-WOLSKI,1948-09-19,M,PPE
96864,Italy,David-Maria,SASSOLI,1956-05-30,M,S&D
37312,Denmark,Christel,SCHALDEMOSE,1967-08-04,F,S&D
28139,Sweden,Carl,SCHLYTER,1968-01-07,M,Verts/ALE
4274,Sweden,Olle,SCHMIDT,1949-07-22,M,ALDE
1930,Germany,Horst,SCHNELLHARDT,1946-05-12,M,PPE
96646,Germany,Helmut,SCHOLZ,1954-06-21,M,GUE/NGL
28135,Hungary,György,SCHÖPFLIN,1939-11-24,M,PPE
1933,Germany,Elisabeth,SCHROEDTER,1959-03-11,F,Verts/ALE
1911,Germany,Martin,SCHULZ,1955-12-20,M,S&D
28223,Germany,Andreas,SCHWAB,1973-04-09,M,PPE
96996,Italy,Giancarlo,SCOTTÀ,1953-04-11,M,EFD
28252,Austria,Richard,SEEBER,1962-01-15,M,PPE
96789,Poland,Joanna,SENYSZYN,1949-02-01,F,S&D
33990,Romania,Adrian,SEVERIN,1954-03-28,M,Array
23787,Poland,Czesław Adam,SIEKIERSKI,1952-10-08,M,PPE
96755,Italy,Sergio Paolo Francesco,SILVESTRIS,1973-12-22,M,PPE
1309,United Kingdom,Brian,SIMPSON,1953-02-06,M,S&D
96960,United Kingdom,Nicole,SINCLAIRE,1968-07-26,F,Array
96932,Germany,Birgit,SIPPEL,1960-01-29,F,S&D
28380,Poland,Marek,SIWIEC,1955-03-13,M,S&D
2081,United Kingdom,Peter,SKINNER,1959-06-01,M,S&D
28508,United Kingdom,Alyn,SMITH,1973-09-15,M,Verts/ALE
39724,Romania,Csaba,SÓGOR,1964-05-12,M,PPE
4282,Germany,Renate,SOMMER,1958-09-10,F,PPE
37676,Denmark,Søren Bo,SØNDERGAARD,1955-08-16,M,GUE/NGL
28299,Poland,Bogusław,SONIK,1953-12-03,M,PPE
97170,Spain,Francisco,SOSA WAGNER,1946-06-10,M,Array
997,Italy,Francesco Enrico,SPERONI,1946-10-04,M,EFD
4751,Belgium,Bart,STAES,1958-08-07,M,Verts/ALE
96905,Netherlands,Laurence,J.A.J. STASSEN,1971-02-08,F,Array
28170,Slovakia,Peter,ŠŤASTNÝ,1956-09-18,M,PPE
4546,United Kingdom,Struan,STEVENSON,1948-04-04,M,ECR
4545,United Kingdom,Catherine,STIHLER,1973-07-30,F,S&D
96946,Netherlands,Daniël van der,STOEP,1980-09-12,M,Array
34254,Bulgaria,Dimitar,STOYANOV,1983-05-17,M,Array
2037,United Kingdom,Robert,STURDY,1944-06-22,M,ECR
23820,Hungary,László,SURJÁN,1941-09-07,M,PPE
2295,Austria,Hannes,SWOBODA,1946-11-10,M,S&D
23821,Hungary,József,SZÁJER,1961-09-07,M,PPE
28358,Poland,Konrad,SZYMAŃSKI,1969-12-06,M,ECR
23808,Hungary,Csaba Sándor,TABAJDI,1952-06-26,M,S&D
28316,Finland,Hannu,TAKKULA,1963-11-20,M,ALDE
4521,United Kingdom,Charles,TANNOCK,1957-09-25,M,ECR
29579,Belgium,Marc,TARABELLA,1963-03-11,M,S&D
1945,Italy,Salvatore,TATARELLA,1947-10-11,M,PPE
96821,Portugal,Rui,TAVARES,1972-07-29,M,Verts/ALE
102931,United Kingdom,Keith,TAYLOR,1953-08-01,M,Verts/ALE
107385,Finland,Sampo,TERHO,1977-09-20,M,EFD
25704,Cyprus,Eleni,THEOCHAROUS,1953-06-24,F,PPE
28153,Denmark,Britta,THOMSEN,1954-01-23,F,S&D
1832,Belgium,Marianne,THYSSEN,1956-07-24,F,PPE
36281,Romania,Silvia-Adriana,ŢICĂU,1970-11-14,F,S&D
28340,Italy,Patrizia,TOIA,1950-03-17,F,S&D
39726,Romania,László,TŐKÉS,1952-04-01,M,PPE
96697,Lithuania,Valdemar,TOMAŠEVSKI,1965-03-03,M,ECR
96713,Czech Republic,Evžen,TOŠENOVSKÝ,1956-02-26,M,ECR
28584,Greece,Georgios,TOUSSAS,1954-09-08,M,GUE/NGL
1129,France,Catherine,TRAUTMANN,1951-01-15,F,S&D
110987,Italy,Gino,TREMATERRA,1940-09-03,M,PPE
97203,Spain,Ramon,TREMOSA i BALCELLS,1965-06-30,M,ALDE
28514,Cyprus,Kyriacos,TRIANTAPHYLLIDES,1944-09-03,M,GUE/NGL
28240,Germany,Helga,TRÜPEL,1958-07-21,F,Verts/ALE
96773,Poland,Rafał,TRZASKOWSKI,1972-01-17,M,PPE
96898,Greece,Ioannis,A. TSOUKALAS,1941-07-03,M,PPE
4432,Luxembourg,Claude,TURMES,1960-11-26,M,Verts/ALE
96672,Sweden,Marita,ULVSKOG,1951-09-04,F,S&D
96835,Romania,Traian,UNGUREANU,1958-03-01,M,PPE
38601,Bulgaria,Vladimir,URUTCHEV,1954-10-01,M,PPE
96845,Romania,Corneliu,VADIM TUDOR,1949-11-28,M,Array
28617,Latvia,Inese,VAIDERE,1952-09-03,F,PPE
37324,Romania,Adina-Ioana,VĂLEAN,1968-02-16,F,ALDE
5729,Belgium,Kathleen,VAN BREMPT,1969-11-18,F,S&D
1956,Belgium,Frank,VANHECKE,1959-05-30,M,EFD
4513,United Kingdom,Geoffrey,VAN ORDEN,1945-04-10,M,ECR
4398,Italy,Gianni,VATTIMO,1936-01-04,M,ALDE
4308,Spain,Alejo,VIDAL-QUADRAS,1945-05-20,M,PPE
2212,France,Philippe de,VILLIERS,1949-03-25,M,EFD
28323,Czech Republic,Oldřich,VLASÁK,1955-11-26,M,ECR
5737,France,Dominique,VLASTO,1946-08-14,F,PPE
96761,Germany,Axel,VOSS,1963-04-07,M,PPE
2155,United Kingdom,Sir Graham,WATSON,1956-03-23,M,ALDE
2319,France,Henri,WEBER,1944-06-24,M,S&D
28229,Germany,Manfred,WEBER,1972-07-14,M,PPE
39713,Romania,Renate,WEBER,1955-08-03,F,ALDE
1907,Germany,Barbara,WEILER,1946-09-17,F,S&D
97016,Austria,Angelika,WERTHMANN,1963-11-07,F,ALDE
28130,Sweden,Åsa,WESTLUND,1976-05-19,F,S&D
2323,Germany,Rainer,WIELAND,1957-02-19,M,PPE
96677,Sweden,Cecilia,WIKSTRÖM,1965-10-17,F,ALDE
35743,United Kingdom,Glenis,WILLMOTT,1951-03-04,F,S&D
23784,Poland,Janusz,WOJCIECHOWSKI,1954-12-06,M,ECR
28167,Netherlands,Corien,WORTMANN-KOOL,1959-06-27,F,PPE
28278,Spain,Luis,YÁÑEZ-BARNUEVO GARCÍA,1943-04-12,M,S&D
23894,Slovakia,Anna,ZÁBORSKÁ,1948-06-07,F,PPE
23712,Czech Republic,Jan,ZAHRADIL,1963-03-20,M,ECR
96778,Poland,Artur,ZASADA,1969-06-05,M,PPE
28619,Latvia,Tatjana,ŽDANOKA,1950-05-08,F,Verts/ALE
96762,Germany,Joachim,ZELLER,1952-07-01,M,PPE
96784,Poland,Janusz Władysław,ZEMKE,1949-02-24,M,S&D
28615,Latvia,Roberts,ZĪLE,1958-06-20,M,ECR
28248,Germany,Gabriele,ZIMMER,1955-05-07,F,GUE/NGL
28301,Poland,Tadeusz,ZWIEFKA,1954-12-28,M,PPE
72775,France,Rachida,DATI,1965-11-27,F,PPE
28215,France,Jacky,HÉNIN,1960-11-12,M,GUE/NGL
111011,United Kingdom,Anthea,McINTYRE,1954-06-29,F,ECR
28224,Germany,Markus,PIEPER,1963-05-15,M,PPE
111033,Latvia,Kārlis,ŠADURSKIS,1959-10-11,M,PPE
97308,Estonia,Vilja,SAVISAAR-TOOMAST,1962-08-15,F,ALDE
96824,Romania,Monica Luisa,MACOVEI,1959-02-04,F,PPE
58758,Italy,Elisabetta,GARDINI,1956-06-03,F,PPE
97017,Austria,Ulrike,LUNACEK,1957-05-26,F,Verts/ALE
1059,Germany,Hiltrud,BREYER,1957-08-22,F,Verts/ALE
23805,Hungary,Zita,GURMAI,1965-06-01,F,S&D
96728,Germany,Barbara,LOCHBIHLER,1959-05-20,F,Verts/ALE
112748,Croatia,Biljana,BORZAN,1971-11-29,F,S&D
107973,Finland,Tarja,CRONBERG,1943-06-29,F,Verts/ALE
119438,Croatia,Zdravka,BUŠIĆ,1950-09-06,F,PPE
96987,Spain,Ricardo,CORTÉS LASTRA,1969-09-23,M,S&D
37448,Romania,Eduard-Raul,HELLVIG,1974-10-27,M,ALDE
33991,Romania,Ovidiu Ioan,SILAGHI,1962-12-12,M,ALDE
112755,Croatia,Andrej,PLENKOVIĆ,1970-04-08,M,PPE
119434,Croatia,Dubravka,ŠUICA,1957-05-20,F,PPE
119431,Croatia,Ruža,TOMAŠIĆ,1958-05-10,F,ECR
112760,Croatia,Nikola,VULJANIĆ,1949-06-25,M,GUE/NGL
